,x_reach_Hh_over,t_reach_Hh_over,x_reach_Signal_over,t_reach_Signal_over,x_reach_Hh_SS,x_reach_Signal_SS,x_reach_Hh_over_up,t_reach_Hh_over_up,x_reach_Signal_over_up,t_reach_Signal_over_up,x_reach_Hh_SS_up,x_reach_Signal_SS_up,x_reach_Hh_over_down,t_reach_Hh_over_down,x_reach_Signal_over_down,t_reach_Signal_over_down,x_reach_Hh_SS_down,x_reach_Signal_SS_down
0,26.474469966105076,3372,45.54090018525109,19371,26.238838422454606,42.51444370850875,25.589280859680102,2395,37.213737038150704,19687,25.327371353918608,34.25934605582542,27.193557511006517,3564,53.99667633332995,19240,26.966525970670958,50.87205920122455
1,25.327280180928696,4957,34.592217465218454,9096,20.51319805890691,27.19251628507297,24.70985733286541,5093,26.684739193741947,8900,18.995364187079176,19.797588573514275,25.939882043008893,5165,42.75602546484538,9412,22.675153379686748,35.056744684467034
2,15.33027563695066,3919,18.88605112791693,9924,13.825986323735592,17.679959802676265,,57600,,57600,12.080471212560454,12.475577619173208,16.919349116079502,3952,24.54204598606958,9869,15.678237384621994,23.312824582753507
3,26.69422336879711,2627,33.41426143963169,5491,16.068967917431692,19.137722670547703,23.224274011139343,2678,23.61206420402526,5518,13.691970969729567,12.02444066672598,30.197589396695818,2663,44.113426247716106,5588,20.244297922831876,27.919643955727153
4,26.800482144131507,2392,34.445161908022015,8400,21.396197772165777,28.851531181919256,26.23053190145484,2503,26.34860820795845,8614,20.335898954140077,21.42648222540818,27.29730634454036,2326,42.69517391942555,8288,23.18459194565135,36.72764528281535
5,34.6930027345111,6522,15.140052289630901,5077,30.471675430747894,10.513581625255952,33.11137179584051,8191,5.64959022079357,5666,31.74322612180687,3.1022206037519737,35.97714592598095,6024,26.276839283043444,5490,29.03196220332454,19.6016368414585
6,17.28547194150316,6873,22.424345461031507,7645,17.26778266781612,22.80687367930541,,57600,,57600,15.984827030641284,17.215824752420133,18.341448188690194,6872,28.4004420065514,10656,18.292699946423923,28.574569821496723
7,,57600,,57600,31.21162633936447,40.95175215134756,,57600,,57600,28.725425409401097,29.972234210951086,,57600,,57600,34.005845825015655,52.395425651424695
8,19.600042150280615,4751,22.68101747026762,14622,18.013501973838586,19.72738737913778,19.490438114853916,5090,16.874532771283697,14759,18.14355396541535,14.117484532324667,19.70911566293084,4592,28.60407447015298,14625,18.367582910170313,25.496070836742277
9,,57600,,57600,32.51099505352262,24.598468738027123,,57600,,57600,32.154871678038106,14.276990042374749,,57600,,57600,33.61887789347308,35.80067556435051
10,,57600,,57600,19.29451860348803,4.039247703818646,,57600,,57600,19.209570670137595,1.9219272265577132,,57600,,57600,19.292603968543318,9.555670880121554
11,26.16633113387313,10845,16.500378432862945,16550,25.871593587172967,12.884729414152204,24.96327667699059,14857,9.704531670852745,20655,24.983232823176863,6.478801580214096,27.021111894823008,9711,24.66641453636953,16004,26.36093603062227,20.752687577666705
12,37.97155261669884,6101,41.093942420323955,14921,37.59740549269482,40.51753909741264,37.13586630685002,6266,29.24653375696876,15215,36.81407972452654,28.75149392371928,38.69619628665734,6132,53.067669148768225,14898,38.32048197807538,52.34395285311355
13,34.532882773389375,8249,45.012188535339156,13839,33.259892902179885,43.50573941203985,31.872432403380913,8057,33.41329640210964,11549,30.58503092398246,32.164196819912064,36.624570558364965,8709,56.7851017905817,14276,35.613155770678304,55.05736915946694
14,27.854231057269928,2698,30.056945687461564,10012,25.53497302805644,27.66503753602875,27.635985449664716,2347,21.66828820403215,10175,25.47888355844941,19.53025190734806,28.03610977244942,2733,38.58249670309862,9941,26.301813667603184,35.956188607055736
15,,57600,,57600,28.666319646987475,29.886784694896335,,57600,,57600,28.00294222382408,19.856239900484596,,57600,,57600,30.92083991500151,40.770390622886076
16,19.31549421273779,4873,3.3676955913420983,12671,19.469965824796986,3.44792205510916,17.682436556216672,1067,2.023912977707951,57600,17.067304799235743,1.408397247400174,21.888886406907602,5180,10.984101478406515,7174,21.276838514083224,10.239166464561649
17,18.13156917838461,3607,25.1409621896193,6726,15.743337065200421,20.76597485598181,,57600,,57600,14.31323542859289,15.27815726540851,18.860864279650613,3705,31.02814042696781,6949,17.18806903502302,26.477904515714414
18,,57600,,57600,15.62660293323323,16.829573302930086,,57600,,57600,15.45517234689683,11.471736187636736,,57600,,57600,16.616347220920034,22.595578588916055
19,27.26824713045565,2428,5.077886032176934,7477,26.97199782770528,4.8885783735232735,27.028718229383472,1995,2.3157534818377314,57600,26.76827837168193,1.5955667274400298,27.560749049460853,2909,13.259980468351316,6821,26.83758530626359,12.683141696426503
20,39.97586287694633,5035,57.99675620249934,10242,30.876148304357912,45.76413680950434,36.25559623781429,4913,43.66183728900691,10165,26.817225815847152,33.49229028783307,44.039681135355025,5371,73.59220964689412,10511,36.208570431203015,59.86958396462519
21,,57600,,57600,14.506025494603449,18.959985419728028,,57600,,57600,13.078695987232464,13.691231293521156,17.21904264069586,4561,26.227850784656397,12399,16.128421446709666,24.44714794438866
22,25.379231240176637,3784,15.398934149650657,5443,23.888128475133698,11.032939370009203,24.509956171879253,4466,9.62539850680939,5721,23.830919900793248,5.393177187715651,26.157449950588386,3551,23.171772860345982,5517,24.066744509502072,18.596577377138487
23,17.624166929462064,2955,18.957238689495497,13840,16.883284741565063,18.323675505393254,16.625483426190925,1848,13.238714030800708,14618,16.098345705736648,12.703612616681909,18.483098285017192,3044,24.816987880239708,13515,17.770888886406595,24.057257805248668
24,38.70683835830276,6762,57.876895201976154,23474,38.33744027684816,52.37088284198925,37.9814182219793,6883,45.889104515967254,23664,37.646679104524615,40.52586492154441,39.25467577505952,6825,70.16040922456008,23589,38.884784756916275,64.38519768960376
25,37.734645090776986,6065,51.38389347649649,8541,32.320164739243424,43.661523280030224,37.12071377844505,6000,39.580763130866856,8098,30.87190693961672,32.61654142685548,38.3754799973491,6494,63.33218426818868,9015,34.60181087297403,55.17817754873596
26,,57600,,57600,16.429083790442448,8.069283507294514,,57600,,57600,16.043964255983965,4.029261371837393,,57600,,57600,16.88572334638951,13.460930117926793
27,25.507511890513868,3463,38.350299031070456,6328,18.784249578908444,27.033644237148536,,57600,,57600,15.702178335552816,19.637278861032,26.586969174451596,3698,46.68143132338156,6635,21.734484776947582,34.78860548543901
28,26.318849413090177,6133,27.17276860367123,9141,18.807169943854774,19.574225517957117,25.900276063171304,6432,19.080429589182287,8978,20.19150131894547,12.981445939424745,26.73962178752724,6129,35.419143492896595,9396,20.375780742491244,27.018475313737
29,17.51259358959753,1522,12.363379736333897,10505,12.657164468483245,7.461009234660494,17.223232229709353,1219,7.011729058980521,11769,14.474518198009193,4.400864373315784,18.08575210417142,2337,17.8580054005524,9524,11.021965556908313,11.228367925148447
30,,57600,,57600,30.210686591719323,42.16836094707211,,57600,,57600,24.306309082142818,29.26865282007904,,57600,,57600,36.81592009734897,56.734904830772884
31,,57600,,57600,16.535461224807463,22.51751612278339,,57600,,57600,15.833033964385734,17.14859840456272,,57600,,57600,17.525021076233983,28.43196995785604
32,33.80741452124563,5920,15.577063076843672,5492,28.18761963658058,7.3097104334226515,31.818692526176974,7979,6.159193325379647,7174,30.046171096837412,2.2084731403832762,35.28824377512265,5331,26.537735668807457,5537,25.405757364724707,14.761952448743187
33,,57600,,57600,10.540239815397058,14.22492075050937,,57600,,57600,9.776005559798705,10.404966684293385,13.196579685098172,2510,20.427904694466775,9565,11.521227754143865,18.111758332780028
34,12.249668887302008,3212,16.57845847809253,17989,12.154833986621696,16.638570152157314,11.799626817092147,1848,12.608627578610665,18841,11.677597380093374,12.746118486400334,12.757452653765853,3360,20.70149031363873,17610,12.69450125453534,20.690015101098282
35,,57600,,57600,43.29669341010458,56.95862756507163,,57600,,57600,39.99820225211905,41.46907476057736,,57600,,57600,47.438470586526336,73.86743945849925
36,,57600,,57600,13.491931854779665,12.639321061409646,,57600,,57600,16.56737069437169,7.909879714394364,,57600,,57600,14.483375190821704,18.562003239584016
37,39.22496827391375,3971,41.931497639775266,5664,16.18682002260465,14.161367463971075,33.732200718167675,4064,27.88948080309933,5412,16.76784396377313,6.64859636712626,43.885366907002314,4111,57.022321321992855,6045,21.360663892902394,24.582237067025503
38,,57600,,57600,33.68893571183503,35.904577577416845,,57600,,57600,32.988807376843994,24.746219055416958,,57600,,57600,35.35743105805933,47.44675460646927
39,,57600,,57600,19.52296488477144,3.970335608770611,,57600,,57600,19.436166274450898,1.380254328520877,,57600,,57600,19.550257063956238,9.77323817218452
40,,57600,,57600,22.012308996492635,15.81934035515323,,57600,,57600,23.486068218145107,8.998140142845983,,57600,,57600,21.885796594697,23.294772054974402
41,31.881273434701356,4455,36.08610752803469,5958,22.273745275116326,22.50251735278337,29.271622208248317,4522,25.287387426037,5628,21.05696512427258,13.503893294704866,34.07698905199824,4734,47.36492501199729,6359,26.220735030029758,32.77699249491086
42,23.41424338105068,5672,39.157015114208505,8639,17.637690595400315,27.732427647454358,21.188459763997756,5274,31.127801948516236,8223,14.340246052682161,20.63602067578755,25.179898365296353,6222,47.38760930998442,9097,20.82894252546511,35.52182009644571
43,,57600,,57600,8.726123518384085,13.397428482611275,,57600,,57600,6.7534654230582305,9.542027489763655,18.04613116038125,3311,34.27108099126261,7703,11.133865235630509,18.157471801176712
44,26.967596451684557,6763,28.74618355993036,9883,25.377555787086507,27.440471964920448,26.54726659214893,7041,20.52921429669567,10923,25.228912673208,19.483248490427457,27.317370384379203,6875,37.19526753526644,10610,26.1457284543564,35.74756458430956
45,25.959055964000697,5266,19.676288807470755,6280,19.491997227138526,14.280359295270003,25.798565781163546,5871,13.691725923746915,6372,20.97082335414298,7.870631387179614,26.12512741078308,4993,27.017926722124386,6690,20.50825373102755,21.615261273396968
46,,57600,,57600,12.586880682366953,6.1071018972831865,,57600,,57600,13.105244876620475,3.3295690789864096,,57600,,57600,12.268694813195808,9.792880568428217
47,,57600,,57600,32.640020831792654,32.80858937286118,,57600,,57600,30.388887149910673,20.046042442881898,,57600,,57600,37.640946800710154,47.29751246138547
48,50.19571788159715,5113,69.78122202397478,8301,23.579515402678467,29.039673651533803,47.60501119168705,5235,53.289129945752855,7976,22.691166686489694,18.35530642533159,52.13963923114582,5252,96.84209718604275,8962,29.864090596788074,42.07881783980302
49,25.564280025241942,57600,27.384382933704984,22706,25.541437059889162,27.486709121461317,24.557894985637503,57600,19.19736049308571,57600,24.552274335619373,19.488031197965995,26.474146903698568,57600,35.7561684633373,57600,26.4163482467455,35.827306975426055
50,48.208286338403944,4351,88.52695345833203,7705,28.860650905194717,44.7274879545575,44.9406600790272,4068,70.4518765269875,7025,21.709454513092524,31.802063603598114,50.84348389428849,4852,100.99804411386508,11712,36.220387486993566,59.566819915782496
51,33.952312065900685,3015,38.21027169546791,5205,17.811927567051242,17.20626563112198,31.483822783509225,3135,27.172108292101726,5120,19.157469656641084,9.754560493185238,35.894226754234964,2995,49.65826235560324,5378,21.498367723506192,26.350769915414418
52,,57600,,57600,36.17065939970186,49.531738755191164,,57600,,57600,35.43658391680934,38.034402928083956,,57600,,57600,37.2718194953797,61.399653735109965
53,,57600,,57600,31.67926569849878,5.158973033949891,,57600,,57600,29.1367189827795,1.7490966604975853,,57600,,57600,33.352631814955686,15.477837142546505
54,27.516861346633902,2265,27.523733504873547,5319,21.930018598535952,23.452203978631417,27.263843876044646,2261,19.268134636552517,5445,22.566801322759048,15.958336400550934,27.757848033035017,2226,35.88203387644096,5405,23.261326022602148,31.293486315143554
55,24.32177502548288,1261,21.36459630214472,57600,23.576644487188474,18.77814896070987,23.945299786390606,1069,13.614575727120055,57600,22.066440036944954,11.088047122742296,25.141588441600376,1845,29.53440724861268,57600,25.014264123818023,26.89402423536434
56,,57600,,57600,19.220718919533127,23.739670938443894,,57600,,57600,16.913415561892904,15.656382529127384,,57600,,57600,23.30105369991506,33.300601122896865
57,,57600,,57600,41.5816661564509,30.99300270615261,,57600,,57600,40.24251690878019,17.1761022563704,,57600,,57600,44.22943598282152,46.34751317862709
58,,57600,,57600,7.008726031002794,8.877381160997047,,57600,,57600,6.203595501581162,6.27708285435358,12.317390755963913,1899,17.418861011454453,5664,8.308131028075053,12.252705180632347
59,34.39216884995905,4250,44.27603427888649,6250,16.136971914713598,19.37152619760559,32.456682072694065,4362,33.18931258541146,6015,14.297667193218459,11.819299077587289,35.75537507286515,4332,55.603610335631934,6551,20.871054359030012,28.44172685912983
60,24.144386011278357,4861,40.533440673075205,6673,18.722963422559076,28.66428378220799,,57600,,57600,15.306431603237229,21.67365599621786,,57600,,57600,21.812937310231177,36.45869068782833
61,19.169242323995334,3648,19.322781919177245,7245,10.642326330447133,9.392562484656452,16.619597153716143,3984,12.685643489714565,8026,11.55362141526183,5.563509937704964,21.71260072185531,3480,26.805575371661178,7019,11.812780210542144,14.560870617403054
62,,57600,,57600,11.379590247789992,7.610082372248655,,57600,,57600,11.505595603940165,4.078928809547193,,57600,,57600,11.753830640258812,12.337733406492774
63,19.385143703487586,3787,30.908687259574137,7129,17.54377078005794,27.736777555221963,19.055604879404456,3736,24.928646127404576,7036,16.319510658805555,22.04529959593519,19.626939032433683,3972,36.93130399653183,7280,18.497897620099096,33.55807799052491
64,13.160901335809726,1985,14.465867021350007,9861,10.667225844694485,11.604491479657867,12.987418710218591,1600,10.728352886053514,10915,11.272754827929717,8.35768430584639,13.40402584585378,2581,18.485245568228777,9382,10.747317986181244,15.26268210603969
65,13.513791974951673,3893,21.715755359391522,10442,11.51931733172654,18.67773445632605,,57600,,57600,9.596114982284632,14.182881725999323,15.376947168148533,4022,27.282235373260036,10443,13.658245871862647,23.902599903290835
66,33.67891558511654,2769,43.76543539817236,4686,21.698923692554374,27.016625111080174,31.219598256918772,2784,32.54504336635324,4548,18.702268795396904,17.964902161066533,35.69503650242302,2872,55.31707174412567,4910,26.09460180896069,37.29341751990463
67,,57600,,57600,24.465972592963055,18.45466213014815,,57600,,57600,24.789015304526842,10.951145402510903,,57600,,57600,24.502497270332867,26.56646168495533
68,,57600,,57600,13.004118870535564,16.585520889351713,14.593150552883102,1102,14.942142752131318,9405,11.332058660119202,11.662800581339724,17.224940625276616,2238,26.02265859358694,8982,14.892560840676083,21.994121268118704
69,25.49364536620969,2227,32.462879978435495,7059,13.753752703370239,17.218857355440477,24.5269099158308,2316,24.734966775677947,7267,12.38053247058707,11.66080946309738,26.382530339838894,2159,40.52327269890961,6993,16.34423164571325,23.766129701480182
70,45.92979587174768,4058,59.155306941373226,5791,31.653434055381894,39.194552484723395,43.72603193000749,3907,43.99030369871351,5331,27.28524863004432,26.292351197051346,48.47825496988352,4591,75.89168212000145,6419,37.48057384475619,53.73843334289699
71,11.272207403530743,1043,3.4733400590738057,57600,11.202827369523035,2.2261265107276955,11.114041618828537,886,3.2059083042222056,57600,10.499512198258799,2.0066440466782467,11.736203614752782,1818,4.617565325233514,21511,11.760016466035864,3.3419223724987432
72,29.79385298922898,3760,34.98425682889254,6257,18.05722765673839,22.511164664211776,27.548542927070983,3887,25.0076459561745,6219,16.83703758479666,14.85785613797053,31.905038918184957,3819,45.693378564999996,6490,22.070159942323656,31.774628175037577
73,23.855821766760343,4173,34.4739492955608,6962,11.745738161943251,16.729147148105483,,57600,,57600,8.365108851004123,10.762809371628578,28.267969394080225,4565,45.1324621005744,7682,16.37136494714406,24.603233341465938
74,,57600,,57600,23.71578780798265,28.45257684444003,,57600,,57600,20.433939927141523,17.68527682007631,,57600,,57600,30.040962288851333,41.48649178693888
75,27.19877809120341,4742,28.55526517007918,18527,25.86305357576674,28.0490099579567,26.89592087910924,5083,20.392525045815432,16248,25.808748365904222,19.96076494913882,27.49642221845464,4579,36.85166560415307,15469,26.3559449573399,36.31883811180258
76,21.907463539878222,9851,27.740103267114264,17586,21.73697567797194,27.735401276243564,19.28264725719572,9757,19.882802884736776,17679,19.223548801427313,20.0796289401691,24.147452826161626,10256,35.94048971593226,17733,23.9534920411771,35.834628681855605
77,27.536748628266565,7365,21.792923188348098,9391,25.96687654850544,19.956527326975362,27.418081030119907,8225,13.624980622720571,9251,26.338239799869783,12.045554666150068,27.630736808480037,7004,30.13997231718973,9633,25.87522077979952,28.126278438626258
78,23.180726890296825,5579,29.382627406803365,7782,18.54359271758193,23.465200766992666,20.825533862280466,5523,21.365916175246284,7523,16.03275031735224,16.511449984498995,24.995396185989947,5939,37.511253967941435,7113,21.44112113548131,31.493567119650052
79,50.09494295644609,5550,92.48277437893658,8830,42.991679453113164,71.4951827189223,47.470076648072144,4965,70.09893836015057,8337,37.74755984173556,55.85179719376032,52.44051446665649,6297,100.9981118564535,5857,47.54562300876749,88.64388942397913
80,18.188607625351793,3212,26.917636015154912,7957,13.646904592842944,20.68187751452409,,57600,,57600,11.701288327764047,15.451910875718326,18.810293627740492,3316,32.916421941137216,7932,15.580919127414163,25.990174886755426
81,26.9136333622061,2894,12.820859756817597,7498,26.007810752112547,12.028018443655284,26.63891094437986,2489,4.7302631622774385,8362,26.305032710293716,4.461442922641766,27.226562012127033,2784,21.190449899735313,7401,25.794000951607018,19.87522900334244
82,18.611892182222448,1993,4.666376301239126,11368,18.422504210726203,3.73125154724994,18.357074113220662,1602,2.9497819780198,57600,18.15452201155449,1.8805441593877816,18.98682505287232,2822,9.713740086185936,9013,18.014729776362643,8.155262768200615
83,42.6318560760502,5384,46.74367662456386,9081,29.517056212337366,29.41502697785215,37.830755651891785,5460,31.85152379094238,8782,26.462065939731716,17.02796010233037,46.84719449413504,5613,62.568660147723456,9533,35.579567071768906,43.668343994781935
84,17.557558044580205,4299,22.456236703412344,11825,16.42841660790873,22.000316624964896,16.52032912891967,4385,16.7963058844053,12082,15.314465620405386,16.6133039186131,18.422466813224972,4376,28.43579584562471,14029,17.591545801577197,27.659320047276708
85,,57600,,57600,22.355224661312562,29.58335309991297,,57600,,57600,20.49566739248222,21.61173969632401,,57600,,57600,24.301704316115476,37.48346754843338
86,,57600,,57600,24.549911851893498,33.00201981151962,26.044920869866445,5642,30.330473321102446,7561,23.22809862199246,24.900493874893044,27.14727697739019,6482,46.9984680207311,8514,25.889049377856992,41.27489613728586
87,,57600,,57600,27.709882961878606,13.537483705109565,,57600,,57600,27.67647191661281,5.302073717445424,,57600,,57600,27.758672150595572,21.96595681270972
88,19.292245499326555,6505,25.807384474217827,21763,19.18355809192255,24.279695689199443,16.655690527298418,7485,18.43950215838028,23388,16.703153299618194,17.08607007774893,21.92276191810778,6290,33.65755420624491,21233,21.726989875748743,32.01380208433646
89,30.45090176067042,5925,40.053448451497964,11204,22.50249599202411,27.905283291193157,,57600,,57600,19.107845621305316,18.640294474237507,,57600,,57600,26.846429842944318,38.31409755688185
90,,57600,,57600,22.51208353707949,28.062339366192703,,57600,,57600,19.20887468269939,18.679374991108276,,57600,,57600,27.006542752943602,38.4969891925509
91,19.605000376460225,4692,15.600500709235689,10706,18.587529678175386,14.562417337324703,19.500806248270408,5296,9.82286520917016,11315,18.860846048554464,8.990456541785989,19.70764811380164,4433,21.535720162444264,13522,18.491488128203628,20.37386272190959
92,25.488927368944147,5150,40.943310721739294,6685,22.92233054729418,34.836573602334965,24.46108003695271,4640,32.78268743726795,6263,20.57724867477917,26.90386916715609,26.40968842810092,5885,49.201771015068324,7127,24.869452378776856,43.02880288024997
93,12.97372965480072,1631,10.152311257532318,7403,9.27087544392458,7.361226393164685,12.79490999493727,1377,6.574180666443155,7219,9.47843391098938,4.188003016893205,13.252951220526285,2019,14.177000251820843,7531,10.202161460268599,10.973589998736315
94,24.71081645726194,5434,36.307128665828465,10393,18.410014475794327,26.72675298467645,,57600,,57600,13.83335682804497,18.43929651676713,29.238413146624765,5907,47.21626224505396,10841,23.53191366205769,36.55164861271274
95,18.056211980393243,5395,25.528211687197114,11049,13.311178045987717,18.532026533013763,15.051147360711994,5164,18.43432191347719,10028,10.55660599703019,12.612466108804952,,57600,,57600,16.664484166513603,25.393637065482324
96,47.107985222109086,4707,70.4540155935415,7321,36.48335187469196,53.34168422902499,43.65367813306328,4571,54.39059115132205,6962,30.838924841298365,38.984482342018794,50.02538489528205,5076,92.17717338814784,7869,42.29423639931834,68.89618860640397
97,,57600,,57600,27.272781973495725,28.39132830934504,,57600,,57600,26.00589870563735,18.238887111328623,,57600,,57600,30.47953061023523,39.32740730099472
98,,57600,,57600,8.834383282410798,5.534010517294234,,57600,,57600,8.961553265033103,3.196002340449411,13.472714696738933,3922,14.731158813785314,8004,9.160210323545357,9.073000930848096
99,,57600,,57600,37.241662623634575,40.064105820675735,,57600,,57600,36.51816246688839,28.42375551995923,,57600,,57600,38.019348349144956,51.8696443168794
100,,57600,,57600,18.78726517846789,4.531062437072066,,57600,,57600,19.173879398419487,2.977409755332758,,57600,,57600,18.331783836612516,8.828970005045903
101,24.53418429051564,2499,33.610817547483336,12328,20.72693241044294,27.467906007498186,23.630902798551915,1890,25.880077921157238,12669,19.523872475837535,20.29717962261529,25.526081037114963,2524,41.68323624427446,12183,22.401357410620662,35.13931122360739
102,,57600,,57600,8.403146804495933,8.859483077100279,,57600,,57600,7.444033469622212,5.6005847704012695,12.959628632002989,1723,16.05461148397241,4524,9.809797104346984,12.439836765207332
103,27.23795803412449,3466,14.266579830299875,10652,26.642659422726993,12.705973336838653,26.915881157527124,3549,6.505990749018167,12673,26.677559629580742,5.1946223603128345,27.55463001305354,3237,22.64346136601499,10044,26.622378035965767,20.79962616631437
104,13.627905974414745,2411,5.636013209302959,9477,12.25591925184662,5.149727795374318,13.500185877416854,1991,2.6955526166483708,16671,13.138190338025339,2.3677280630078172,13.78449399246044,3028,11.377473059539383,7828,11.412585625221013,8.663195698051467
105,53.313539945147085,16217,33.94952983949902,22799,52.93881949834901,25.846048980436834,51.385803515544715,57600,19.53080087924255,57600,51.07135048180334,12.177275329889497,54.86870825064653,14801,50.836318974864106,21194,54.41607087551149,42.3472808708607
106,12.85120428190615,3255,14.507465472698286,4989,7.854978419862192,9.426344724811429,10.87798459880176,835,9.495143995342588,6662,6.95472577976858,6.497496016527265,14.881032575247147,3296,19.967793212576396,6373,9.986428333916777,14.02390361368515
107,17.278613448918435,5662,19.822441410940243,10721,11.324211332973931,11.35063596632574,15.941205886846689,5439,14.131958377125216,10942,12.326896703209485,7.759130250715842,18.32973792644195,5541,25.659717314133076,10802,11.452176423938042,15.798766448299332
108,,57600,,57600,37.70513855613527,58.31086291227677,,57600,,57600,30.926046946607812,43.51067370004958,,57600,,57600,43.81092497599322,74.19850431430814
109,27.52053084388031,8216,38.251007354477245,14728,25.964979368243533,35.496187846354445,27.051794481981474,8174,29.839500218529082,14235,25.18251360149995,27.279215026253496,27.85319538475163,8597,46.692749474945145,15301,26.797761558205835,43.85883564610742
110,,57600,,57600,8.211903817088427,4.857361504270074,,57600,,57600,8.406335408637261,2.5373832198068698,15.009782815151397,1777,16.346673742571426,3729,8.509378835439733,8.541506746827523
111,19.215085426421098,2432,14.252742854010691,6143,17.75986893933417,13.822715255695343,18.77419317395409,2250,8.561946413166098,6028,17.797189006410235,8.419194095613634,19.524411680944198,2339,20.12272859951827,6142,17.895347089821556,19.48723182319408
112,22.113722269923116,6119,37.31903329570964,11907,21.3351626946925,36.40843742301606,20.029057752180364,5638,29.43772804100915,11655,18.99406068345388,28.5845570489046,24.057687714170967,6759,45.410397517977245,11622,23.509324994268923,44.4003268244048
113,23.441640860405073,2461,26.380519349173724,5894,13.945700484948063,13.766609509026694,21.939706039553784,2453,18.696005535938312,6064,14.740149812611975,8.429871010095852,24.922205413377924,2401,34.429464730675164,5890,16.09835765559616,20.233708922511596
114,12.222637272288466,2548,14.136825402772388,27254,12.442352268995293,13.64763836701377,11.42289722967989,1342,10.07478556295679,35174,11.563539047343113,9.596141859995228,12.964744011021168,3502,18.294834031989183,25247,13.12821548255667,17.791417651020197
115,18.92730171832453,2969,19.12188087175838,5541,12.523080712546246,12.170168300471829,16.437041997942913,3079,12.06191755344176,5703,12.323607965042115,7.115728670668503,21.41637198906176,2992,26.792600284996055,5625,14.841837117203184,18.44435284381005
116,24.04324383457393,5997,30.265571252527778,9577,18.410122983142813,24.146126999930047,22.24537329245736,6098,22.262633592618826,9490,16.718150759585924,17.077869705982422,25.459177369457578,6137,38.45354614144077,10908,21.091357603698242,31.747997192600593
117,13.784196311465422,3062,6.113473143063985,8241,13.434794573033656,6.71334181402699,13.628068261775937,2411,2.5084001593481844,10910,13.52248359110456,2.820248375682482,13.921770044995483,3022,10.304338018627519,7556,13.387397319255655,10.805244132942988
118,,57600,,57600,18.692526539434596,14.851416767673868,,57600,,57600,18.671213372541317,9.175452530423954,,57600,,57600,18.811820538955317,20.65388275383343
119,16.49627682649553,4125,8.443247924431134,6408,15.025023765244967,6.197906830830945,15.465937929199669,5326,3.808116745123371,7882,15.235180608417721,2.655378225040394,17.482535493482303,3817,14.123321712966117,5932,14.794006447953848,10.817671154567918
120,10.377390869586392,938,4.317780457054724,5881,9.648175711880512,4.38367486033664,10.237367691198585,764,1.731320433704468,22296,9.76616326106982,1.4118190292421104,10.924902357669211,2191,7.943218294028171,6476,9.687694387406708,7.586730753653725
121,39.85800978081427,4080,58.03796573886594,6722,26.7461647849875,38.54417931636681,33.944814086131615,3976,43.342643699571816,6388,19.88408593468489,26.45339469126033,44.83586978651392,4331,73.60628937234374,6737,34.17275382548901,52.856622962800756
122,17.18918800962095,1257,3.0969351799165707,15093,16.246972218876778,2.615896071358094,16.928155449862828,1069,1.9139771001302393,57600,15.694766693002435,1.3039655314137661,17.759619086510753,1832,8.265771116335742,9779,15.800418613469674,6.41891758908271
123,35.812527879769775,6841,28.622680656696218,12441,33.74236149939074,25.65039934327443,34.58600865529084,7414,17.508739052304392,12589,33.18551922584446,14.814187644656386,36.93878236031378,6643,40.195489614924796,12727,34.63362572851527,36.99458139602851
124,,57600,,57600,13.95290692789277,3.126566365876201,,57600,,57600,13.95247750191507,1.2022230138042147,,57600,,57600,13.912236104241273,7.277341965697815
125,,57600,,57600,13.994218122637307,14.894779191244993,,57600,,57600,13.491089905862424,9.840673481209706,17.90967420216522,3137,23.339153815819614,4334,15.416334034312882,20.531269959283506
126,41.76513696073796,4869,41.82941610796008,6470,35.70901395626774,36.53623471561876,37.30577610316972,4897,26.934528758960667,6202,32.507940282266986,22.6029764884954,45.83128806501952,5083,57.61173301671861,6864,40.88211768328453,51.637125838232045
127,22.840193919282015,4145,23.574034721520107,5530,13.504175976152041,13.225739259155802,21.443787757304378,4295,15.817946706021004,5296,15.076500007624887,7.836067470448469,24.01268319762957,4161,31.41823748889051,5850,15.540572520250066,19.53690748257742
128,34.22395132829334,9939,44.35838595587544,57600,34.25839982805846,44.36759857464498,31.074685146752913,57600,32.78988156405616,57600,31.234777184028047,32.82057934464149,36.56282861757355,10205,56.182110089510545,57600,36.46904363968039,56.02931112133302
129,39.94957739923164,4915,33.08694805687476,7765,26.451491331598973,14.093899853958405,36.51110083024603,5354,20.264390851388626,7953,29.159450120831593,6.897410132448542,43.594088774842895,4820,47.82307671116702,7969,25.725299841180018,24.562911323823784
130,29.25681737466752,4253,30.146306488634735,5955,17.927911145785117,17.166466475947402,26.219541133749715,4362,19.959151429521043,5817,18.392917604659615,9.793620134383943,31.988561338810754,4258,40.948798989976694,6261,21.22454127497025,26.202182999166325
131,12.775289418628986,2355,9.793104402942944,14389,12.252593945906767,9.874907211149392,12.369703441676023,1514,5.892771073059208,15490,12.021271574052207,6.039474815810394,13.217505124488412,2843,13.898138971977403,13735,12.559261380165026,13.898270559048967
132,19.82989404186769,4594,25.8394012861897,8368,10.67439796604971,14.17311892643417,15.60972347164568,4578,17.272774411952113,8473,8.326429743934312,8.883388491115966,24.49568189579594,4808,35.76635741235033,8595,14.669652641252327,21.377700509516643
133,,57600,,57600,24.82587347203979,33.721048419834545,,57600,,57600,23.77360089098734,25.59327227563263,,57600,,57600,26.017792902345903,42.028523485035194
134,,57600,,57600,8.703942364338516,9.29113998740688,,57600,,57600,7.804181155160691,5.927821667738783,,57600,,57600,9.978329375502497,12.836078369150357
135,11.423205395753058,1340,14.65124540204205,12520,6.4947783041402545,8.553456668318049,11.055705865867282,896,10.820465079762712,13129,6.1807775807464225,6.014907650976596,12.221550788583954,2491,18.70366238605446,12279,7.837290979925228,11.733376423286217
136,17.75938614612656,1833,14.338529098660288,12715,17.31824343980307,13.883517909445544,17.188349168780746,1258,8.604857014325717,14082,16.506954493680297,8.353306323184654,18.50843206567312,2796,20.219947305652013,12180,18.010575201207686,19.61846462974357
137,,57600,,57600,31.012871412192183,50.25474458734621,,57600,,57600,27.107294043460854,39.16919659877703,36.24827693411651,4080,68.45933417409931,11075,34.215684609052644,61.74073519770897
138,18.71349490471998,3320,25.055006227157364,12422,14.13455012696015,19.460334515681907,18.086315685974597,2375,19.201010613856056,12743,13.531328633290826,14.35193006094184,19.22047303478557,3410,30.99568990049923,12302,15.657909636790706,24.901623620631156
139,16.49636817009393,3960,18.367227044108475,9894,12.160850611082964,12.636560996571319,15.441405298047513,4185,12.979870512353898,9995,11.900975884478484,8.174833769733894,17.524905816206328,3877,24.041111484474555,9874,13.7219884402583,17.724047999794237
140,,57600,,57600,26.19356593930108,12.189327001857038,,57600,,57600,26.457952979752605,4.876328959752598,,57600,,57600,26.015785321953672,20.16893753956215
141,12.759572467896504,4076,10.331804846801774,16804,12.878124891543152,10.547588263681305,12.250882196026538,4477,6.246282508553108,57600,12.389922216686102,6.480678340143214,13.220531565178206,3869,14.451811244846638,15738,13.286401024959531,14.705553312529702
142,,57600,,57600,26.72097732280264,12.908265546828062,,57600,,57600,26.830608125258124,6.517775162138761,,57600,,57600,26.622117331784736,20.828677059053902
143,17.94681241231254,3608,23.598010628294873,8492,12.444408126813741,16.582398602165668,,57600,,57600,11.652814425381166,11.957035045282112,18.539939391422052,3503,29.313726846247008,8517,14.125200513399037,21.763773965458782
144,,57600,,57600,13.914729204818556,3.897542321642277,,57600,,57600,13.940912463455533,2.4309305229314333,,57600,,57600,13.853760479911529,7.25822044601675
145,,57600,,57600,10.424842611247556,11.390885607336358,,57600,,57600,10.2510996393965,7.773330423152004,,57600,,57600,11.2823439087242,15.261558451109494
146,37.04193241621383,5939,44.192320276673215,16688,36.66801556343834,39.316748761734445,35.318254729695724,6208,32.413627378660095,16856,35.08172906680923,27.67305950046193,38.2788949415181,5885,56.13136412592909,16874,37.854248678405,51.122852581170655
147,,57600,,57600,10.897762722625615,8.106113979346674,,57600,,57600,11.514260381429253,4.8441619810387095,,57600,,57600,10.583968386995153,11.375039514515763
148,18.065817290308175,3576,18.954365206210042,13175,15.089243424862218,16.255895585796978,17.34438231736911,3813,13.308849057041897,14306,15.116267737522108,11.112008277406005,18.710735461267063,3401,24.770778789232708,12830,16.10258987200349,21.709708262236234
149,19.762625856132573,3071,29.182126770108624,15041,18.952358017150758,26.565013229773868,19.646444717793756,2794,23.244967130378996,15467,18.85616165319061,20.730135986890602,19.862930366551055,3068,35.16649092139977,14847,19.22800594747298,32.48403666974616
150,23.546040968773852,1868,26.18451852293269,15202,19.56235187319419,20.493371028319913,22.59151853007782,1053,18.48549415104577,17301,18.687882561847516,13.477086082212963,24.963420555506275,2824,34.25408410082146,14918,21.569081786999064,28.11124847990608
151,35.92419889740087,3590,47.66717735004825,7144,24.509687079903486,32.21636533189114,34.57916673975481,3709,36.332463824564364,7153,23.259413641095477,22.930462642729708,37.155674482170994,3570,59.33609435528003,7268,27.815130588981035,42.54704590607724
152,25.92158607672002,3274,20.70938680309169,4818,18.463052832007122,10.492675455727408,21.892270408144242,2930,10.83381687194445,5152,18.36929175550283,4.965596358542513,29.90687550059829,3219,31.50674635569392,4832,18.699981917258086,17.975054678384552
153,,57600,,57600,24.693166241677304,25.133969599180475,,57600,,57600,24.82411002522518,16.10058883904388,,57600,,57600,27.28468080463324,35.38280057906863
154,13.60958579795006,3319,12.158098461511443,12721,13.528808667539238,11.100520834196189,13.439446802752073,3364,8.147855734232934,13029,13.421453616056212,7.091626094593195,13.778917249949572,3173,16.337647305298233,12319,13.655215568596589,15.248916140188811
155,17.582492102278323,2194,17.485693329228823,5101,14.250557295106589,15.283499036671529,16.62497263595411,1817,11.82424843424613,6195,13.8992351635046,10.166503203058326,18.418864672876794,2194,23.361139873294974,5552,15.656612009655788,20.553429990842176
156,18.89416690485544,4143,24.362980762797193,11142,17.66652771378547,24.2642241739607,18.486587805696686,4284,18.516975692397935,10331,17.03541319372323,18.380369458451057,19.243630134684224,4156,30.276863524587284,11367,18.38168776628534,30.03198686151542
157,36.11931648909514,4521,17.451252052786103,7256,34.64645631399516,15.566085549380162,34.75512923913617,5839,6.381603437571869,8783,34.31061957799264,5.411401712039833,37.334911791777785,4177,29.09411569050191,6709,34.97864640542919,26.550215977064866
158,17.344752258848814,8454,9.04875898282883,23843,17.405925166947895,8.853322248599298,16.689505326768383,57600,3.9359238319784993,57600,16.76690038798209,3.5038406974174308,18.066221655550535,7154,14.833504774031098,19397,18.085399111325657,14.560145775815343
159,,57600,,57600,14.526914634386202,14.505959632311487,,57600,,57600,14.481572169117086,8.94690657754137,23.394259085217698,4483,31.924080333516116,7183,16.68390816258797,21.083029159056323
160,18.385516873174083,3814,13.760636354520514,6382,14.766572327463336,10.6489892922326,17.600830663017803,4269,7.781550561931056,6196,15.443313571093142,5.846305714880998,18.96555318700075,3591,19.556754540534826,5989,14.539996390089527,15.54261607632506
161,15.96823584737787,1049,2.5871237647958054,5629,15.467103205074451,2.6782797550750104,15.717053810040397,885,1.8715722189013064,57600,14.725290798665512,1.2657324536875052,16.62560465937348,1826,7.7162194598871565,5464,16.035297226423268,7.5927716421415425
162,22.494949956344115,8599,34.45607755066247,17021,21.845059435867455,33.15354505367097,20.380163578866032,8434,26.62181138485387,16944,19.65833238109886,25.501059607407555,24.41130622966925,8995,42.67047236817462,17321,23.887008694703113,41.193817092682444
163,32.79990733753617,4493,42.56253000602216,6852,16.843020494862415,21.45437748024773,30.600515200156494,4551,31.639662634066653,6641,16.869335067278996,14.097610322402545,34.665821349658955,4604,53.91483395153792,7176,20.914812015588836,30.487884428153407
164,26.565429246171675,5306,43.1199714213031,7536,22.942726203287762,35.809184654249165,26.14061930982767,4996,34.85770094886351,7143,20.84667885405834,27.92008557455371,27.038216069197787,5861,51.449354889199384,7932,24.79680088771167,43.991434879713154
165,16.97457780554383,4498,17.661918261810584,7618,15.222476401408102,16.46949167190914,,57600,,57600,14.157686180540011,10.968269719878691,18.160427886663655,4504,23.51223210398338,4863,16.615262046274523,21.97373068092378
166,13.439472329925394,2942,7.637695395533555,7824,12.654561331153019,6.367136211291168,13.314761442057346,2484,5.357192191743039,10472,12.898827704080688,3.3758951341236525,13.601660489541189,2605,11.281287607412182,7060,12.547950346206775,10.195805803993096
167,13.599297949029122,2370,11.47586053812688,8560,9.635833572581816,5.983659255602646,12.468486996568913,530,6.79789893353464,10150,9.935753414799834,3.4461075304443227,15.433704418037351,2790,16.93978164991941,8112,9.704005896234449,9.725277771888699
168,,57600,,57600,22.805450353850475,17.436471741492625,,57600,,57600,22.238327612296587,9.968168906454792,,57600,,57600,23.496556109891372,25.28059278521698
169,11.799627546290296,1848,8.451230534352618,11013,10.011973426685742,7.3384732677862985,11.534166049579554,1193,4.724424327390409,17423,10.569822761441955,4.580101767865287,12.250161380196857,3322,12.452099808309327,11741,9.674850588285693,10.708972491913855
170,11.120603966174173,1550,12.706534353404564,3863,8.010537433027423,10.550839740741779,10.288758576405442,1066,9.04481408950545,3880,6.954976178467803,7.2653267261514,11.988705237355518,1626,16.68947875343717,3865,9.431923778138255,13.639971291629962
171,25.045454220677357,5685,39.18808459595568,10426,22.325624685325465,33.30105714494127,,57600,,57600,19.80855344145276,25.443808425634217,26.17024209236392,6204,47.472756835738714,10608,24.447591491992583,41.44678670650811
172,25.58927054581828,2378,28.220642926137202,8845,20.046365930328832,20.8306704401207,24.796374756972384,1530,20.631677228511904,9765,21.09031348583231,14.458017988783155,26.461910812883147,2676,36.2837458909582,8464,20.3038689559759,28.03884848755129
173,19.510113464200828,7460,3.4675350796264013,17204,19.404404691052818,3.908118607891069,19.406170194383208,3105,2.004020226259769,57600,19.331312493784324,1.376059103991878,19.638722701900903,4390,9.33800895126852,16066,19.37840607274447,9.570455263237449
174,,57600,,57600,9.303477339002882,6.604100744708106,12.149756175428791,434,3.8890287504073626,5926,8.512700611012008,3.2710017991418283,13.126450753713172,1668,13.420703773123407,3793,10.39314755865108,10.562269338185459
175,25.58932148841039,2383,26.174355187016886,10178,21.23307031060847,22.531321976499385,24.796375460731085,1530,18.352763322382017,11075,21.316851418968383,15.304986807526873,26.46354288513413,2703,34.3319241220961,9931,22.621999013129866,30.334610823535428
176,18.053222293038644,2716,20.337189180810654,10600,15.389778248474599,16.558043779189006,17.341056512363096,2879,14.778937196106284,11218,15.434969425074527,11.501210196943973,18.689218057577023,2590,26.135289395352828,10311,16.141641314098408,22.037820855679755
177,25.26375365236791,5694,33.939170239286355,8472,22.882242423763643,30.268737114951676,,57600,,57600,21.125230295810823,22.407619047983587,26.252069396468272,6216,42.20982819801659,8963,24.682445423809696,38.422523815251196
178,,57600,,57600,15.916327656011205,15.140577096876171,,57600,,57600,13.575672260915468,8.228321028631399,,57600,,57600,19.77007829386936,23.794146652133477
179,34.908522857800236,4366,41.58157793145101,6611,26.554612943548705,31.829739269739278,29.340631072636256,4243,27.77175804062371,6308,21.837446765320095,20.120382641833004,40.5684767485383,4793,56.71261039484203,7003,33.12180938045201,45.58005742160265
180,,57600,,57600,26.01407459388878,33.47899250285471,,57600,,57600,23.336783967650604,23.582210891802475,,57600,,57600,29.639400942451587,44.238782522965344
181,27.599998986248153,4233,5.0624835480407455,9951,27.296070628944022,4.948378863290571,27.446668842200623,3117,2.3377346060349993,57600,27.270098369661866,1.6018877571478072,27.77566308091089,3377,13.224103569128005,8825,27.100968018542346,12.884525886065603
182,12.145719946635467,1252,5.337425450249981,5592,10.746285031853404,4.974440712807549,11.968339672797939,1069,3.021881464095074,10146,10.706849998841776,2.1136921151961587,12.5281229875296,1787,9.233856264442068,5564,10.885155403406912,8.471611622241085
183,,57600,,57600,12.876406040698697,10.70638731144949,,57600,,57600,12.606652252586585,6.701004362363506,13.576297195501056,2635,13.808532826344802,57600,13.12909979790146,14.403481988982719
184,26.560062317172793,3472,24.7983867207773,6219,14.6819570691911,14.585834996434073,26.116708449443124,3771,17.037484487410893,6286,16.736751288922108,9.061096835514732,26.967195103965636,3332,32.859016695428025,6252,16.70269393868645,21.248376444611168
185,25.55895926567473,3386,36.4590632816029,11663,22.581474255298033,30.31367135710937,24.55174580215764,3373,28.350905012035454,11903,21.37841001146549,22.632196227537648,26.470119222763728,3322,44.78845074978178,11626,24.163428620608883,38.33175435154352
186,13.473255159763085,3430,18.607086038798926,8103,8.248524990259028,11.742128199465867,11.6538472283859,3482,13.559879380162144,8322,6.719007917607456,8.289527600216076,,57600,,57600,10.392056144164627,16.25732582192647
187,,57600,,57600,23.855551131530206,25.598208758357003,,57600,,57600,23.122723632876998,17.731809039354815,,57600,,57600,25.082808646790795,33.74744333394058
188,28.971779476047487,4843,24.99034084308171,6518,23.757711322751305,17.05388787166521,25.364065656124424,5240,15.279814695147834,6396,22.131398863280978,8.651220762476214,32.00578568607399,4740,35.78528339208147,6879,26.22341952157673,27.118589103302114
189,19.53498721940069,2336,5.509308066992375,16669,19.407760405860813,3.085796139917889,19.40929899856424,2021,5.048626071677049,57600,19.215680795852407,2.7515838727645985,19.695473749572216,2916,8.116466979073635,6277,19.194143470397123,4.708271719684916
190,52.52799405371723,9423,48.138635407099585,14881,50.18008265972354,38.152053899680524,50.057680876051876,10437,31.91294521575675,15652,48.90080620922003,23.074752300552376,54.38928414983185,9013,65.73125093732651,15025,51.08607876675107,54.50230963121858
191,26.477907348002034,6337,30.292275448134774,13084,24.717415562053958,26.58501007123577,,57600,,57600,23.635942798807875,18.50974611508937,27.035597286903567,6796,38.60059102501648,13987,25.923522376071645,34.84945351347764
192,22.585959078077195,2909,25.864132026264457,11487,19.83254232456268,20.71740369002994,20.688572443339382,1126,18.058665600112562,12198,18.829893978762556,13.863564649329774,24.483741083656696,3514,34.02021163113791,11239,21.29989434662842,28.273626479227772
193,14.38899816267923,4623,6.561413963430553,10338,12.664096191763846,4.658724325529477,,57600,,57600,12.948178522882785,1.7575412675492856,15.870886963715975,4178,11.909738552710039,7063,12.271036854983493,8.252651397981253
194,32.267590287740134,3700,42.50841710979753,5643,13.841820433389103,17.47606016984753,25.721884192236047,3537,29.133932649736494,5560,9.872746059313116,9.983397377799676,38.63196387779651,4048,57.258450092198,6323,19.988661799337223,27.427224902450206
195,,57600,,57600,32.597417834991674,56.3089841222567,,57600,,57600,29.425417666039166,45.0597758405738,37.573683058561116,5957,78.637261843636,9011,35.218971465301735,67.92128531223466
196,19.104172808532198,2001,3.0291880326639813,57600,18.97650464612471,1.9208250686491795,18.911542630265956,1701,2.970409576911109,57600,18.558372527273832,1.851612325725796,19.363111012037237,2570,4.8555662927571746,9720,19.27455140478969,4.156388518973657
197,25.472723588845966,4200,39.652315616187515,10371,19.757032048942207,31.36019726564531,24.485774535751503,4251,31.507291178482177,10411,17.902378901792105,24.168597284853007,26.38206727779145,4257,47.985637167472724,10451,21.948879274232283,39.0165962343195
198,36.72754035141113,3736,47.60207809513383,9889,27.115090649315974,34.742306267082625,35.14793073994795,3763,35.931255816792,9710,24.04458741173464,24.484953797216292,37.918171451317704,3768,59.45769251147033,9664,30.824205083928618,45.78177018266452
199,16.52882699679661,3041,21.912450246148197,5370,10.82981105631184,13.279463250153341,15.043180192713592,2900,16.313767765185816,5111,8.732884529205265,8.669013313215132,,57600,,57600,13.201469185145783,18.45370759601917
200,37.80936198640021,3097,27.79340520968354,3634,27.63535754504514,17.329397550244565,37.74444507586773,3466,17.03350893634142,3593,31.483345774576932,9.157633665170138,37.942882064773656,2928,39.039650967922384,3754,26.04455769377013,26.765189227695927
201,,57600,,57600,28.628164811714356,21.766911809411653,,57600,,57600,26.10279936390289,11.681371444827562,,57600,,57600,31.016577007852945,32.66770240339822
202,,57600,,57600,16.409334431093257,17.83673363498127,,57600,,57600,16.637168834635446,12.486103230045629,,57600,,57600,17.197794591181534,23.452247622868683
203,,57600,,57600,11.951066190967182,12.459018178232569,,57600,,57600,13.127617966741084,8.142542741405606,,57600,,57600,13.124611893395809,17.36560867033053
204,,57600,,57600,14.361634104845123,12.588531706776266,,57600,,57600,17.30078258039488,6.770944068451627,,57600,,57600,16.974025645645753,20.469596072792015
205,35.26857266479199,10066,28.048349792332203,13355,35.012339964186054,27.533169639513844,33.208040779379374,10699,16.408023102665567,13612,33.087583659600725,16.179088672726422,36.97608067380454,9882,39.84585795505292,13662,36.59063593067518,39.25323331574978
206,31.068273994428424,6838,35.877882238292045,16090,31.16247394571728,32.75571965894284,27.391681782118184,4964,24.761878401651487,57600,27.585167311700474,21.742943737639322,34.215327536566875,6962,47.436115981371906,15254,34.173506101732,44.22176000208064
207,19.150286253359553,2696,21.429996763315145,6579,8.8263275311634,10.219688521169687,17.682431538361726,1067,14.529213637169235,6827,8.75681747450804,6.3867638079806,21.44759355210475,2917,28.89184361504276,6528,11.29771986011508,15.453217239357485
208,,57600,,57600,21.89576298266347,33.09846873582981,,57600,,57600,19.400926261473373,25.312071815534708,,57600,,57600,24.108413128051666,41.20203264078261
209,,57600,,57600,8.087177012644887,1.455602957161389,,57600,,57600,6.832642637636283,1.0398496231727563,,57600,,57600,9.140004431320122,4.445382263509387
210,26.446837688804834,4343,37.378554046597415,7698,17.557109300634437,24.64041061365944,19.996835366658914,4067,25.26618514579063,7588,12.433323336632085,15.656962816701707,33.55356459012347,4787,51.44102984647864,7892,24.344472660826554,36.46999250029372
211,18.40087675647925,2976,22.079391852764232,4065,8.306693413892063,9.40043458452682,16.24864949715193,2891,15.25427495095066,3770,7.85793640932647,5.512195734284077,20.533478022959258,3265,29.463218404311775,4388,11.181157731386094,14.917405840451977
212,46.38431575227035,6127,40.89167901773555,9494,36.314583362471865,23.24910465444387,43.66247437365261,6602,26.156783939350518,9585,38.16535103451195,12.768081622984255,49.06574884717889,6013,56.87624924292163,9805,35.826442386057906,36.37109869041284
213,,57600,,57600,18.986858731773665,1.9115698293969103,,57600,,57600,18.78162963102882,1.8472709007196073,,57600,,57600,19.135924016901157,4.043303077626206
214,19.275922178540156,3606,24.21244903982172,9759,11.774876799365018,14.482725837648957,17.682430790350764,1067,17.142262509316595,10204,10.629746508801233,9.475685823315871,21.78283611792324,3863,31.90995267063866,9690,14.597212182507604,20.728708978265004
215,,57600,,57600,10.876498644697435,11.026493217986399,,57600,,57600,11.752180769358915,7.195840294346397,,57600,,57600,11.935066477698555,15.604815614016175
216,15.200278964034524,376,11.653877901055594,5144,9.995087199175316,5.93416640703947,14.944923880086279,318,6.130319318287846,5960,9.408750352277238,2.9194748138317976,17.89054720074344,1881,18.66564360423189,4873,11.202836243330012,10.803491654472921
217,22.970949014818217,1377,15.759190713419159,6964,16.896756210668727,10.706000988046881,22.145121719944242,902,8.566558590799673,7859,17.517209150397647,5.394720043815212,24.49288003605328,2077,23.60940618056054,6814,16.682810157638173,17.200113929631698
218,16.369406070859966,5270,11.868645463532431,7339,13.017625375663286,7.696053280092201,14.326747558006645,5901,5.512252858754849,7893,13.114254741796884,3.765899854516462,18.836336611359087,5198,19.013547160491115,7404,13.285808707603309,12.944278132065662
219,,57600,,57600,23.907729467791768,37.16995329831993,,57600,,57600,21.963044930071717,29.121336688671505,27.329349974836347,3818,51.721127075747106,8602,25.5160830239888,45.4152279687539
220,16.456145262683478,3776,10.886424743450931,6979,13.899057148328623,10.166312362690803,15.463801928776888,4149,5.684838386812885,7551,14.013509119418543,5.463352524620149,17.41775740288722,3599,16.377830298888085,6524,14.250401417912272,15.283025134236013
221,13.439451556003235,3223,11.875621967300674,16578,13.15922789055864,10.645236370081605,13.315150267019007,2477,7.995293890917054,17511,13.187116006319357,6.813785599316688,13.609140857051898,3207,15.9994002957433,15818,13.194386991227404,14.678045428586742
222,23.453754363035188,5306,27.05545252912168,15276,20.38862204053531,21.438287349903902,21.93565804802141,5534,19.239208159151573,15795,19.861451279588792,14.466670031333976,24.943481911346623,5244,35.18780751255436,15226,21.782562435752908,29.030697527119997
223,38.346845394734835,5713,62.59794486487037,11578,32.575212565771835,51.67725295311111,38.12334556128368,5786,50.827110071964015,11316,30.07311212975155,40.52199084304915,38.64120773044421,5964,74.99230059736203,11994,34.976568511086114,63.268220988481275
224,,57600,,57600,9.832477866441664,6.679117808343548,,57600,,57600,9.023387312527746,3.533043668922474,,57600,,57600,10.887072068602265,11.372368838865398
225,37.11423422096576,7219,18.5907523626244,8305,32.05840744468401,10.75365489754165,36.124677758635414,9093,8.963874159989459,9112,34.30091895733244,4.038932162609413,37.82588137053706,6603,29.975908062981077,8559,29.729141966643482,20.02584938683441
226,27.549752966705526,12705,33.383491765324194,22029,27.38571867937047,29.830601096958674,27.233937038000647,13244,24.965441787463774,22438,27.083010569418178,21.48855186288644,27.830525284218538,12630,41.88121615910015,22194,27.648046809398494,38.23610292834938
227,,57600,,57600,8.185126552474998,7.579571512572841,14.593148471472347,1102,10.471252854454193,5352,9.519526802947823,4.624059042048813,17.20716190477907,2082,21.463823713847447,4793,9.11010818079211,11.431169881617436
228,25.28716322221669,4964,17.74757328981289,4861,20.980047940009385,14.411807260403378,24.957057984896977,5622,10.259029860259446,4643,22.246582426176403,7.966042289839734,25.592138795885575,4696,25.46382044956458,4958,20.605258742889788,21.825718958008537
229,,57600,,57600,4.928976031616344,4.59371643035125,,57600,,57600,4.68414110399344,2.963599628296265,,57600,,57600,5.681421039192102,7.07931448047502
230,37.561138576615505,2826,45.40367547046935,5048,26.8277186800303,34.80126625008296,37.47375943135722,3020,34.87022919358964,5058,24.97871828644827,25.201918398572346,37.729857868272084,2753,56.513000910807754,5133,29.51753160725994,45.30302959747123
231,12.775418311320038,2354,10.703268774408158,8581,10.084734790672996,7.59079935108376,12.370167068541292,1513,7.1242194703315675,9461,10.534632709603855,4.508731239905117,13.216229319500997,2690,14.7265742904017,8338,10.381700761255175,11.283849495634882
232,19.304001287381226,4219,11.691625369390977,9974,16.482499192112797,6.603026077181269,17.682436556216956,1067,6.537593308487274,14195,15.838336327283784,3.3848113750114663,21.837937052006026,4357,19.04474357271191,9530,17.282293504485466,12.571149218244827
233,26.20288230787564,2557,33.200129038265686,9287,19.884748313640188,26.07778669943326,25.141400456377212,1845,25.02869557248667,9540,18.02494704944135,18.69505454486665,27.052944804869085,2654,41.50872563933301,9157,22.328510438308882,33.92707879931562
234,39.70402441073089,4557,37.05880237934062,8103,22.803752223252758,19.09571342744711,36.33596090534288,4844,23.687585172874336,8482,26.07998938063153,11.00306687402528,43.31510035720827,4517,51.9087048995018,8154,24.18010213625584,29.541512473082378
235,35.89378956356134,7474,37.70934781647027,10720,28.34912932758111,27.70151521289465,29.08872263798436,7803,23.254710914933852,10925,24.756619362468285,16.28942194531932,42.250121401262355,7435,53.33328276903122,10898,33.10825052171623,41.31587752999522
236,18.020407559930675,4334,22.61271325100452,8759,7.47728734330407,9.581155756974155,17.326647968072308,4500,17.064619724128193,8990,8.100195049389512,6.563799341704481,18.645123863888756,4213,28.427326847549267,8775,9.112769098550629,13.419820689528507
237,24.946439430829386,5437,26.538437105959915,15344,22.324780525968308,23.819019479816433,23.46105596713909,5792,18.482077597151587,16053,21.482379119155112,16.201646400252443,26.165597394557864,5243,34.84852708018738,15120,23.8801373323997,31.824748968765206
238,24.317636656703797,3972,38.65392541923454,8108,21.08423375319596,32.14648489031228,22.422402347496487,3939,30.525233208541138,8013,18.753825591406155,24.52140765005322,25.813808853785076,4105,46.9768757816855,8283,23.374882523923574,40.1465938469825
239,23.434272632377343,3054,19.09006380394048,6003,16.180502954148707,7.737028634697992,21.877348581484796,753,11.014465631715055,6925,17.338426681202947,4.425615902512945,26.891917877255565,3063,28.935583363817116,5793,15.1636338754342,13.387004626600984
240,12.251254948421376,5130,6.251082320228775,57600,12.392739204476527,6.483914305251787,11.79933061119911,1851,2.8314750142748153,57600,11.95097792403682,2.772602430616587,12.759723367100406,4063,10.333636983325789,12388,12.879516503672988,10.548257082248327
241,13.401174966105685,57600,18.57747452512409,57600,13.478886025437532,18.778094201596048,13.11884588926874,57600,14.386835397499055,18141,13.207580201381731,14.606743396312552,13.671892989271683,8484,22.83735458231631,57600,13.733996880140339,22.98556612188014
242,13.822890303624675,2332,1.810856037813906,57600,13.819219045941082,1.202056716942721,13.73189802784033,2020,1.8062743013579592,57600,13.656944654684366,1.1965668429425165,13.93334868817226,2879,2.586651830982021,5400,13.906819277658172,3.1384088869015585
243,19.10417279503423,2001,3.029188145881804,57600,18.97650464612471,1.9208250686491795,18.911542630265956,1701,2.970409676310311,57600,18.558372527273832,1.851612325725796,19.36314339578361,2573,4.9264582633108205,6766,19.27455140478969,4.156388518973657
244,37.81786598185093,6914,29.158299197264313,7451,35.84333472156138,27.24747630166162,37.12640742293488,7729,17.55592222571005,7302,35.80166405506759,16.11548416465898,38.2908069121901,6578,40.98488327335571,7723,36.01551426505629,38.733728618146564
245,18.512702412803236,4759,24.605904260290075,14133,17.63998926570781,24.4075138942286,18.125802033610128,4895,18.86982169035477,14453,17.1959781390955,18.611892582272304,18.93956016047612,4766,30.456756797334336,14110,18.25742156071533,30.118477343249154
246,18.04399897989562,5076,23.947816574772176,14515,14.429708230282756,19.583033112261532,17.333632662931834,5073,18.228872433914262,14882,13.72866116053821,14.47388352401704,18.683592827238755,5038,29.79977019790445,14451,15.822048156117106,25.095196193704723
247,,57600,,57600,13.498215812428882,10.202532512768983,,57600,,57600,13.448130403768843,5.758206354282976,17.516547600021312,4191,19.735427562722023,10629,14.389120946640134,15.338923686693718
248,,57600,,57600,53.87950711273599,57.85178836882249,,57600,,57600,52.93816667565411,40.8417744728132,,57600,,57600,54.821007286346386,76.95400389623981
249,24.54349230254884,6347,21.245105386002407,10347,18.04047971750414,12.44402585741183,,57600,,57600,19.05472806881525,6.855764690146515,,57600,,57600,18.48713530666403,19.27891327820099
